0,1,2,3,4,5,6,7,8,9,10,11,12,13,14,15,16,y_pred
1.0656,3.0007,366.51,0.034868,2500.7,1,1,1.5255,3.23,188.9,0.035176,2899.5,1,1,373.124,334396,0.068,0.06681965
1.0656,3.0007,366.51,0.034868,2500.7,1,1,1.5255,3.23,188.9,0.035176,2899.5,1,1,373.124,311643,0.174,0.09723462
1.0656,3.0007,366.51,0.034868,2500.7,1,1,1.5255,3.23,188.9,0.035176,2899.5,1,1,373.124,281996,0.333,0.16661052
1.0656,3.0007,366.51,0.034868,2500.7,1,1,1.5255,3.23,188.9,0.035176,2899.5,1,1,373.124,250969,0.478,0.23457158
1.0656,3.0007,366.51,0.034868,2500.7,1,1,1.5255,3.23,188.9,0.035176,2899.5,1,1,373.124,204774,0.719,0.39603552
1.0656,3.0007,366.51,0.034868,2500.7,1,1,1.5255,3.23,188.9,0.035176,2899.5,1,1,373.124,164785,0.879,0.5410213
1.0656,3.0007,366.51,0.034868,2500.7,1,1,1.5255,3.23,188.9,0.035176,2899.5,1,1,373.124,142721,0.926,0.64606154
1.0656,3.0007,366.51,0.034868,2500.7,1,1,1.5255,3.23,188.9,0.035176,2899.5,1,1,373.124,133758,0.947,0.68829083
1.0656,3.0007,366.51,0.034868,2500.7,1,1,1.5255,3.23,188.9,0.035176,2899.5,1,1,373.124,124106,0.965,0.7097364
1.0656,3.0007,366.51,0.034868,2500.7,1,1,1.5255,3.23,188.9,0.035176,2899.5,1,1,373.124,110316,0.989,0.7340415
1.0656,3.0007,366.51,0.034868,2500.7,1,1,1.5255,3.23,188.9,0.035176,2899.5,1,1,313.03004,26251.2,0.373574735,0.177423
1.0656,3.0007,366.51,0.034868,2500.7,1,1,1.5255,3.23,188.9,0.035176,2899.5,1,1,313.03004,16851.9,0.772225205,0.38493028
1.0656,3.0007,366.51,0.034868,2500.7,1,1,1.5255,3.23,188.9,0.035176,2899.5,1,1,313.03004,12559,0.88748663,0.5100609
1.0656,3.0007,366.51,0.034868,2500.7,1,1,1.5255,3.23,188.9,0.035176,2899.5,1,1,413.132,1058600,0.054,0.07006731
1.0656,3.0007,366.51,0.034868,2500.7,1,1,1.5255,3.23,188.9,0.035176,2899.5,1,1,413.132,993250,0.209,0.12165668
1.0656,3.0007,366.51,0.034868,2500.7,1,1,1.5255,3.23,188.9,0.035176,2899.5,1,1,413.132,509560,0.904,0.63588613
1.0656,3.0007,366.51,0.034868,2500.7,1,1,1.5255,3.23,188.9,0.035176,2899.5,1,1,333.13437,71760,0.2418,0.12722342
1.0656,3.0007,366.51,0.034868,2500.7,1,1,1.5255,3.23,188.9,0.035176,2899.5,1,1,333.13437,62250,0.4335,0.1875979
1.0656,3.0007,366.51,0.034868,2500.7,1,1,1.5255,3.23,188.9,0.035176,2899.5,1,1,333.13437,57480,0.5381,0.24116334
1.0656,3.0007,366.51,0.034868,2500.7,1,1,1.5255,3.23,188.9,0.035176,2899.5,1,1,333.13437,52770,0.633,0.28824922
1.0656,3.0007,366.51,0.034868,2500.7,1,1,1.5255,3.23,188.9,0.035176,2899.5,1,1,333.13437,47090,0.7295,0.36448345
1.0656,3.0007,366.51,0.034868,2500.7,1,1,1.5255,3.23,188.9,0.035176,2899.5,1,1,333.13437,41260,0.8039,0.41753712
1.0656,3.0007,366.51,0.034868,2500.7,1,1,1.5255,3.23,188.9,0.035176,2899.5,1,1,333.13437,38900,0.8366,0.4431184
1.0656,3.0007,366.51,0.034868,2500.7,1,1,1.5255,3.23,188.9,0.035176,2899.5,1,1,333.13437,33960,0.8908,0.5026558
1.0656,3.0007,366.51,0.034868,2500.7,1,1,1.5255,3.23,188.9,0.035176,2899.5,1,1,333.13437,30490,0.9207,0.5920201
1.0656,3.0007,366.51,0.034868,2500.7,1,1,1.5255,3.23,188.9,0.035176,2899.5,1,1,333.13437,71860,0.25,0.12975684
1.0656,3.0007,366.51,0.034868,2500.7,1,1,1.5255,3.23,188.9,0.035176,2899.5,1,1,333.13437,67900,0.333,0.15371221
1.0656,3.0007,366.51,0.034868,2500.7,1,1,1.5255,3.23,188.9,0.035176,2899.5,1,1,333.13437,59920,0.5,0.2169971
1.0656,3.0007,366.51,0.034868,2500.7,1,1,1.5255,3.23,188.9,0.035176,2899.5,1,1,333.13437,51240,0.667,0.3178644
1.0656,3.0007,366.51,0.034868,2500.7,1,1,1.5255,3.23,188.9,0.035176,2899.5,1,1,333.13437,46080,0.75,0.36448345
1.0656,3.0007,366.51,0.034868,2500.7,1,1,1.5255,3.23,188.9,0.035176,2899.5,1,1,308.141555,23980.69,0.2049,0.118933834
1.0656,3.0007,366.51,0.034868,2500.7,1,1,1.5255,3.23,188.9,0.035176,2899.5,1,1,308.141555,22680.8,0.2761,0.12975684
1.0656,3.0007,366.51,0.034868,2500.7,1,1,1.5255,3.23,188.9,0.035176,2899.5,1,1,308.141555,20579.64,0.3988,0.18134318
1.0656,3.0007,366.51,0.034868,2500.7,1,1,1.5255,3.23,188.9,0.035176,2899.5,1,1,308.141555,18346.49,0.5306,0.22842582
1.0656,3.0007,366.51,0.034868,2500.7,1,1,1.5255,3.23,188.9,0.035176,2899.5,1,1,308.141555,16397.32,0.6397,0.28824922
1.0656,3.0007,366.51,0.034868,2500.7,1,1,1.5255,3.23,188.9,0.035176,2899.5,1,1,308.141555,14010.85,0.7512,0.37188867
1.0656,3.0007,366.51,0.034868,2500.7,1,1,1.5255,3.23,188.9,0.035176,2899.5,1,1,308.141555,10872.44,0.8613,0.4505236
1.0656,3.0007,366.51,0.034868,2500.7,1,1,1.5255,3.23,188.9,0.035176,2899.5,1,1,308.141555,7332.73,0.9592,0.67135537
1.0656,3.0007,366.51,0.034868,2500.7,1,1,1.5255,3.23,188.9,0.035176,2899.5,1,1,323.137055,53772.91,0.0486,0.058265418
1.0656,3.0007,366.51,0.034868,2500.7,1,1,1.5255,3.23,188.9,0.035176,2899.5,1,1,323.137055,50187.87,0.1475,0.058265418
1.0656,3.0007,366.51,0.034868,2500.7,1,1,1.5255,3.23,188.9,0.035176,2899.5,1,1,323.137055,46957.47,0.2402,0.12722342
1.0656,3.0007,366.51,0.034868,2500.7,1,1,1.5255,3.23,188.9,0.035176,2899.5,1,1,323.137055,42207.2,0.3834,0.177423
1.0656,3.0007,366.51,0.034868,2500.7,1,1,1.5255,3.23,188.9,0.035176,2899.5,1,1,323.137055,39788.73,0.4589,0.19145364
1.0656,3.0007,366.51,0.034868,2500.7,1,1,1.5255,3.23,188.9,0.035176,2899.5,1,1,323.137055,35595.74,0.5823,0.26489753
1.0656,3.0007,366.51,0.034868,2500.7,1,1,1.5255,3.23,188.9,0.035176,2899.5,1,1,323.137055,31993.37,0.6863,0.3178644
1.0656,3.0007,366.51,0.034868,2500.7,1,1,1.5255,3.23,188.9,0.035176,2899.5,1,1,323.137055,25947.2,0.8146,0.4283181
1.0656,3.0007,366.51,0.034868,2500.7,1,1,1.5255,3.23,188.9,0.035176,2899.5,1,1,323.137055,23226.09,0.8613,0.4431184
1.0656,3.0007,366.51,0.034868,2500.7,1,1,1.5255,3.23,188.9,0.035176,2899.5,1,1,323.137055,19563.72,0.9137,0.5920201
1.0656,3.0007,366.51,0.034868,2500.7,1,1,1.5255,3.23,188.9,0.035176,2899.5,1,1,323.137055,16362.65,0.9547,0.6653274
1.0656,3.0007,366.51,0.034868,2500.7,1,1,1.5255,3.23,188.9,0.035176,2899.5,1,1,338.13337,96961.36,0.097,0.058265418
1.0656,3.0007,366.51,0.034868,2500.7,1,1,1.5255,3.23,188.9,0.035176,2899.5,1,1,338.13337,90711.21,0.1972,0.08250821
1.0656,3.0007,366.51,0.034868,2500.7,1,1,1.5255,3.23,188.9,0.035176,2899.5,1,1,338.13337,84621.04,0.2957,0.13602397
1.0656,3.0007,366.51,0.034868,2500.7,1,1,1.5255,3.23,188.9,0.035176,2899.5,1,1,338.13337,77842.93,0.4185,0.1875979
1.0656,3.0007,366.51,0.034868,2500.7,1,1,1.5255,3.23,188.9,0.035176,2899.5,1,1,338.13337,72638.03,0.508,0.22428443
1.0656,3.0007,366.51,0.034868,2500.7,1,1,1.5255,3.23,188.9,0.035176,2899.5,1,1,338.13337,57275.29,0.7414,0.36448345
1.0656,3.0007,366.51,0.034868,2500.7,1,1,1.5255,3.23,188.9,0.035176,2899.5,1,1,338.13337,50301.2,0.8184,0.4283181
1.0656,3.0007,366.51,0.034868,2500.7,1,1,1.5255,3.23,188.9,0.035176,2899.5,1,1,338.13337,44957.64,0.8672,0.47343028
1.0656,3.0007,366.51,0.034868,2500.7,1,1,1.5255,3.23,188.9,0.035176,2899.5,1,1,338.13337,39202.11,0.9126,0.5920201
1.0656,3.0007,366.51,0.034868,2500.7,1,1,1.5255,3.23,188.9,0.035176,2899.5,1,1,298.14437,15080,0.1478,0.06650481
1.0656,3.0007,366.51,0.034868,2500.7,1,1,1.5255,3.23,188.9,0.035176,2899.5,1,1,298.14437,14445,0.1977,0.090747595
1.0656,3.0007,366.51,0.034868,2500.7,1,1,1.5255,3.23,188.9,0.035176,2899.5,1,1,298.14437,13283,0.3019,0.1477815
1.0656,3.0007,366.51,0.034868,2500.7,1,1,1.5255,3.23,188.9,0.035176,2899.5,1,1,298.14437,12071,0.4129,0.18264239
1.0656,3.0007,366.51,0.034868,2500.7,1,1,1.5255,3.23,188.9,0.035176,2899.5,1,1,298.14437,11505,0.4651,0.19031183
1.0656,3.0007,366.51,0.034868,2500.7,1,1,1.5255,3.23,188.9,0.035176,2899.5,1,1,298.14437,10975,0.5169,0.22728403
1.0656,3.0007,366.51,0.034868,2500.7,1,1,1.5255,3.23,188.9,0.035176,2899.5,1,1,298.14437,10051,0.6019,0.26972863
1.0656,3.0007,366.51,0.034868,2500.7,1,1,1.5255,3.23,188.9,0.035176,2899.5,1,1,298.14437,8804,0.7081,0.32198513
1.0656,3.0007,366.51,0.034868,2500.7,1,1,1.5255,3.23,188.9,0.035176,2899.5,1,1,298.14437,7476,0.7961,0.4055224
1.0656,3.0007,366.51,0.034868,2500.7,1,1,1.5255,3.23,188.9,0.035176,2899.5,1,1,298.14437,5856,0.8796,0.50151396
1.0656,3.0007,366.51,0.034868,2500.7,1,1,1.5255,3.23,188.9,0.035176,2899.5,1,1,328.135555,64290,0.1,0.058265418
1.0656,3.0007,366.51,0.034868,2500.7,1,1,1.5255,3.23,188.9,0.035176,2899.5,1,1,328.135555,60180,0.1984,0.09810161
1.0656,3.0007,366.51,0.034868,2500.7,1,1,1.5255,3.23,188.9,0.035176,2899.5,1,1,328.135555,56400,0.2927,0.13602397
1.0656,3.0007,366.51,0.034868,2500.7,1,1,1.5255,3.23,188.9,0.035176,2899.5,1,1,328.135555,52400,0.3904,0.177423
1.0656,3.0007,366.51,0.034868,2500.7,1,1,1.5255,3.23,188.9,0.035176,2899.5,1,1,328.135555,48220,0.4981,0.2169971
1.0656,3.0007,366.51,0.034868,2500.7,1,1,1.5255,3.23,188.9,0.035176,2899.5,1,1,328.135555,44290,0.5972,0.27087042
1.0656,3.0007,366.51,0.034868,2500.7,1,1,1.5255,3.23,188.9,0.035176,2899.5,1,1,328.135555,39770,0.6968,0.3178644
1.0656,3.0007,366.51,0.034868,2500.7,1,1,1.5255,3.23,188.9,0.035176,2899.5,1,1,328.135555,33980,0.7979,0.4066642
1.0656,3.0007,366.51,0.034868,2500.7,1,1,1.5255,3.23,188.9,0.035176,2899.5,1,1,328.135555,26520,0.8971,0.5127808
1.0656,3.0007,366.51,0.034868,2500.7,1,1,1.5255,3.23,188.9,0.035176,2899.5,1,1,318.138555,41480,0.1,0.058265418
1.0656,3.0007,366.51,0.034868,2500.7,1,1,1.5255,3.23,188.9,0.035176,2899.5,1,1,318.138555,38680,0.1984,0.09810161
1.0656,3.0007,366.51,0.034868,2500.7,1,1,1.5255,3.23,188.9,0.035176,2899.5,1,1,318.138555,36180,0.2927,0.13602397
1.0656,3.0007,366.51,0.034868,2500.7,1,1,1.5255,3.23,188.9,0.035176,2899.5,1,1,318.138555,33540,0.3904,0.177423
1.0656,3.0007,366.51,0.034868,2500.7,1,1,1.5255,3.23,188.9,0.035176,2899.5,1,1,318.138555,30730,0.4981,0.2169971
1.0656,3.0007,366.51,0.034868,2500.7,1,1,1.5255,3.23,188.9,0.035176,2899.5,1,1,318.138555,28130,0.5972,0.27087042
1.0656,3.0007,366.51,0.034868,2500.7,1,1,1.5255,3.23,188.9,0.035176,2899.5,1,1,318.138555,25160,0.6968,0.3178644
1.0656,3.0007,366.51,0.034868,2500.7,1,1,1.5255,3.23,188.9,0.035176,2899.5,1,1,318.138555,21250,0.7979,0.4066642
1.0656,3.0007,366.51,0.034868,2500.7,1,1,1.5255,3.23,188.9,0.035176,2899.5,1,1,318.138555,16390,0.8971,0.5127808
1.0656,3.0007,366.51,0.034868,2500.7,1,1,1.5255,3.23,188.9,0.035176,2899.5,1,1,403.15,815000,0.058,0.07006731
1.0656,3.0007,366.51,0.034868,2500.7,1,1,1.5255,3.23,188.9,0.035176,2899.5,1,1,403.15,790000,0.109,0.07006731
1.0656,3.0007,366.51,0.034868,2500.7,1,1,1.5255,3.23,188.9,0.035176,2899.5,1,1,403.15,748000,0.207,0.12165668
1.0656,3.0007,366.51,0.034868,2500.7,1,1,1.5255,3.23,188.9,0.035176,2899.5,1,1,403.15,682000,0.357,0.17558332
1.0656,3.0007,366.51,0.034868,2500.7,1,1,1.5255,3.23,188.9,0.035176,2899.5,1,1,403.15,555000,0.654,0.3429299
1.0656,3.0007,366.51,0.034868,2500.7,1,1,1.5255,3.23,188.9,0.035176,2899.5,1,1,403.15,472000,0.804,0.4723986
1.0656,3.0007,366.51,0.034868,2500.7,1,1,1.5255,3.23,188.9,0.035176,2899.5,1,1,403.15,392000,0.901,0.63588613
1.0656,3.0007,366.51,0.034868,2500.7,1,1,1.5255,3.23,188.9,0.035176,2899.5,1,1,403.15,333000,0.951,0.70695615
1.0656,3.0007,366.51,0.034868,2500.7,1,1,1.5255,3.23,188.9,0.035176,2899.5,1,1,353.15,149000,0.355,0.17381224
1.0656,3.0007,366.51,0.034868,2500.7,1,1,1.5255,3.23,188.9,0.035176,2899.5,1,1,353.15,99000,0.805,0.4340458
1.0656,3.0007,366.51,0.034868,2500.7,1,1,1.5255,3.23,188.9,0.035176,2899.5,1,1,353.15,77000,0.905,0.61144936
1.0656,3.0007,366.51,0.034868,2500.7,1,1,1.5255,3.23,188.9,0.035176,2899.5,1,1,353.15,64000,0.95,0.6594739
1.0656,3.0007,366.51,0.034868,2500.7,1,1,1.5255,3.23,188.9,0.035176,2899.5,1,1,388.15,540000,0.057,0.06681965
1.0656,3.0007,366.51,0.034868,2500.7,1,1,1.5255,3.23,188.9,0.035176,2899.5,1,1,388.15,527000,0.107,0.06681965
1.0656,3.0007,366.51,0.034868,2500.7,1,1,1.5255,3.23,188.9,0.035176,2899.5,1,1,388.15,448000,0.356,0.17233565
1.0656,3.0007,366.51,0.034868,2500.7,1,1,1.5255,3.23,188.9,0.035176,2899.5,1,1,388.15,365000,0.652,0.33968225
1.0656,3.0007,366.51,0.034868,2500.7,1,1,1.5255,3.23,188.9,0.035176,2899.5,1,1,388.15,312000,0.803,0.4664562
1.0656,3.0007,366.51,0.034868,2500.7,1,1,1.5255,3.23,188.9,0.035176,2899.5,1,1,388.15,253000,0.9,0.61145926
1.0656,3.0007,366.51,0.034868,2500.7,1,1,1.5255,3.23,188.9,0.035176,2899.5,1,1,328.15,59208,0.2192,0.118933834
1.0656,3.0007,366.51,0.034868,2500.7,1,1,1.5255,3.23,188.9,0.035176,2899.5,1,1,328.15,55980,0.2968,0.14500313
1.0656,3.0007,366.51,0.034868,2500.7,1,1,1.5255,3.23,188.9,0.035176,2899.5,1,1,328.15,54956,0.3219,0.14500313
1.0656,3.0007,366.51,0.034868,2500.7,1,1,1.5255,3.23,188.9,0.035176,2899.5,1,1,328.15,54245,0.34,0.15371221
1.0656,3.0007,366.51,0.034868,2500.7,1,1,1.5255,3.23,188.9,0.035176,2899.5,1,1,328.15,52664,0.3783,0.177423
1.0656,3.0007,366.51,0.034868,2500.7,1,1,1.5255,3.23,188.9,0.035176,2899.5,1,1,328.15,52227,0.3909,0.177423
1.0656,3.0007,366.51,0.034868,2500.7,1,1,1.5255,3.23,188.9,0.035176,2899.5,1,1,328.15,51974,0.397,0.177423
1.0656,3.0007,366.51,0.034868,2500.7,1,1,1.5255,3.23,188.9,0.035176,2899.5,1,1,328.15,48181,0.4922,0.2169971
1.0656,3.0007,366.51,0.034868,2500.7,1,1,1.5255,3.23,188.9,0.035176,2899.5,1,1,328.15,46743,0.5247,0.22842582
1.0656,3.0007,366.51,0.034868,2500.7,1,1,1.5255,3.23,188.9,0.035176,2899.5,1,1,328.15,45184,0.5654,0.2589483
1.0656,3.0007,366.51,0.034868,2500.7,1,1,1.5255,3.23,188.9,0.035176,2899.5,1,1,328.15,44237,0.5863,0.26489753
1.0656,3.0007,366.51,0.034868,2500.7,1,1,1.5255,3.23,188.9,0.035176,2899.5,1,1,328.15,42143,0.639,0.28824922
1.0656,3.0007,366.51,0.034868,2500.7,1,1,1.5255,3.23,188.9,0.035176,2899.5,1,1,328.15,40835,0.6661,0.3178644
1.0656,3.0007,366.51,0.034868,2500.7,1,1,1.5255,3.23,188.9,0.035176,2899.5,1,1,328.15,39038,0.7039,0.3231269
1.0656,3.0007,366.51,0.034868,2500.7,1,1,1.5255,3.23,188.9,0.035176,2899.5,1,1,328.15,33368,0.802,0.41345358
1.0656,3.0007,366.51,0.034868,2500.7,1,1,1.5255,3.23,188.9,0.035176,2899.5,1,1,328.15,30710,0.8413,0.4431184
1.0656,3.0007,366.51,0.034868,2500.7,1,1,1.5255,3.23,188.9,0.035176,2899.5,1,1,318,42781.81,0.0646,0.058265418
1.0656,3.0007,366.51,0.034868,2500.7,1,1,1.5255,3.23,188.9,0.035176,2899.5,1,1,318,40952.63,0.1261,0.058265418
1.0656,3.0007,366.51,0.034868,2500.7,1,1,1.5255,3.23,188.9,0.035176,2899.5,1,1,318,38142.2,0.2396,0.123608336
1.0656,3.0007,366.51,0.034868,2500.7,1,1,1.5255,3.23,188.9,0.035176,2899.5,1,1,318,35175.77,0.3493,0.15639517
1.0656,3.0007,366.51,0.034868,2500.7,1,1,1.5255,3.23,188.9,0.035176,2899.5,1,1,318,32578.65,0.4437,0.1875979
1.0656,3.0007,366.51,0.034868,2500.7,1,1,1.5255,3.23,188.9,0.035176,2899.5,1,1,318,30465.49,0.5269,0.22842582
1.0656,3.0007,366.51,0.034868,2500.7,1,1,1.5255,3.23,188.9,0.035176,2899.5,1,1,318,27671.06,0.6195,0.27087042
1.0656,3.0007,366.51,0.034868,2500.7,1,1,1.5255,3.23,188.9,0.035176,2899.5,1,1,318,24757.96,0.7074,0.3231269
1.0656,3.0007,366.51,0.034868,2500.7,1,1,1.5255,3.23,188.9,0.035176,2899.5,1,1,318,21888.87,0.7829,0.38493028
1.0656,3.0007,366.51,0.034868,2500.7,1,1,1.5255,3.23,188.9,0.035176,2899.5,1,1,318,18185.17,0.8642,0.4544585
1.0656,3.0007,366.51,0.034868,2500.7,1,1,2.3827,3.1771,198.24,0.032384,2653.4,1,1,327.935557,33000,0.6302,0.410443
1.0656,3.0007,366.51,0.034868,2500.7,1,1,2.3827,3.1771,198.24,0.032384,2653.4,1,1,327.935557,31640,0.7329,0.44227704
1.0656,3.0007,366.51,0.034868,2500.7,1,1,2.3827,3.1771,198.24,0.032384,2653.4,1,1,327.935557,31180,0.7625,0.45651072
1.0656,3.0007,366.51,0.034868,2500.7,1,1,2.3827,3.1771,198.24,0.032384,2653.4,1,1,473.153,2551060,0.763,0.5382009
1.0656,3.0007,366.51,0.034868,2500.7,1,1,2.3827,3.1771,198.24,0.032384,2653.4,1,1,473.153,2068430,0.942,0.73097265
1.0656,3.0007,366.51,0.034868,2500.7,1,1,2.3827,3.1771,198.24,0.032384,2653.4,1,1,523.171,5991540,0.765,0.6021979
1.0656,3.0007,366.51,0.034868,2500.7,1,1,2.3827,3.1771,198.24,0.032384,2653.4,1,1,523.171,4943540,0.937,0.78507084
1.0656,3.0007,366.51,0.034868,2500.7,1,1,2.3827,3.1771,198.24,0.032384,2653.4,1,1,573.184,11858980,0.822,0.64755285
1.0656,3.0007,366.51,0.034868,2500.7,1,1,2.3827,3.1771,198.24,0.032384,2653.4,1,1,573.184,10135290,0.943,0.78996176
1.0656,3.0007,366.51,0.034868,2500.7,1,1,2.3827,3.1771,198.24,0.032384,2653.4,1,1,573.184,9528550,0.97,0.8215583
1.0656,3.0007,366.51,0.034868,2500.7,1,1,2.3827,3.1771,198.24,0.032384,2653.4,1,1,573.184,8845970,0.994,0.86428994
1.0656,3.0007,366.51,0.034868,2500.7,1,1,2.3827,3.1771,198.24,0.032384,2653.4,1,1,298.134372,7430,0.3968,0.31937918
1.0656,3.0007,366.51,0.034868,2500.7,1,1,2.3827,3.1771,198.24,0.032384,2653.4,1,1,298.134372,7320,0.4552,0.33760655
1.0656,3.0007,366.51,0.034868,2500.7,1,1,2.3827,3.1771,198.24,0.032384,2653.4,1,1,298.134372,6650,0.7203,0.45024642
1.0656,3.0007,366.51,0.034868,2500.7,1,1,2.3827,3.1771,198.24,0.032384,2653.4,1,1,333.13437,40743,0.7,0.4214798
1.0656,3.0007,366.51,0.034868,2500.7,1,1,2.3827,3.1771,198.24,0.032384,2653.4,1,1,333.13437,38357,0.8,0.45651072
1.0656,3.0007,366.51,0.034868,2500.7,1,1,2.3827,3.1771,198.24,0.032384,2653.4,1,1,523.11,6963900,0.41,0.38820362
1.0656,3.0007,366.51,0.034868,2500.7,1,1,2.3827,3.1771,198.24,0.032384,2653.4,1,1,523.11,6446800,0.63,0.4903102
1.0656,3.0007,366.51,0.034868,2500.7,1,1,2.3827,3.1771,198.24,0.032384,2653.4,1,1,523.11,5302300,0.899,0.6993412
1.0656,3.0007,366.51,0.034868,2500.7,1,1,2.3827,3.1771,198.24,0.032384,2653.4,1,1,423.11437,957000,0.394,0.3338994
1.0656,3.0007,366.51,0.034868,2500.7,1,1,2.3827,3.1771,198.24,0.032384,2653.4,1,1,423.11437,914300,0.56,0.40732107
1.0656,3.0007,366.51,0.034868,2500.7,1,1,2.3827,3.1771,198.24,0.032384,2653.4,1,1,423.11437,901200,0.598,0.440881
1.0656,3.0007,366.51,0.034868,2500.7,1,1,2.3827,3.1771,198.24,0.032384,2653.4,1,1,423.11437,824600,0.779,0.5136344
1.0656,3.0007,366.51,0.034868,2500.7,1,1,2.3827,3.1771,198.24,0.032384,2653.4,1,1,333.15,47020,0.1177,0.16191888
1.0656,3.0007,366.51,0.034868,2500.7,1,1,2.3827,3.1771,198.24,0.032384,2653.4,1,1,333.15,45881,0.3236,0.26451373
1.0656,3.0007,366.51,0.034868,2500.7,1,1,2.3827,3.1771,198.24,0.032384,2653.4,1,1,333.15,45557,0.3583,0.2881792
1.0656,3.0007,366.51,0.034868,2500.7,1,1,2.3827,3.1771,198.24,0.032384,2653.4,1,1,333.15,45282,0.3859,0.3074896
1.0656,3.0007,366.51,0.034868,2500.7,1,1,2.3827,3.1771,198.24,0.032384,2653.4,1,1,333.15,44935,0.42,0.32963717
1.0656,3.0007,366.51,0.034868,2500.7,1,1,2.3827,3.1771,198.24,0.032384,2653.4,1,1,333.15,44447,0.461,0.3334929
1.0656,3.0007,366.51,0.034868,2500.7,1,1,2.3827,3.1771,198.24,0.032384,2653.4,1,1,333.15,44336,0.4702,0.3334929
1.0656,3.0007,366.51,0.034868,2500.7,1,1,2.3827,3.1771,198.24,0.032384,2653.4,1,1,333.15,43756,0.5192,0.35870987
1.0656,3.0007,366.51,0.034868,2500.7,1,1,2.3827,3.1771,198.24,0.032384,2653.4,1,1,333.15,43368,0.5452,0.37740827
1.0656,3.0007,366.51,0.034868,2500.7,1,1,2.3827,3.1771,198.24,0.032384,2653.4,1,1,333.15,42635,0.5964,0.410443
1.0656,3.0007,366.51,0.034868,2500.7,1,1,2.3827,3.1771,198.24,0.032384,2653.4,1,1,333.15,41230,0.6832,0.4214798
1.0656,3.0007,366.51,0.034868,2500.7,1,1,2.3827,3.1771,198.24,0.032384,2653.4,1,1,333.15,40175,0.7394,0.44227704
1.0656,3.0007,366.51,0.034868,2500.7,1,1,2.3827,3.1771,198.24,0.032384,2653.4,1,1,323.15,29406,0.1701,0.16592847
1.0656,3.0007,366.51,0.034868,2500.7,1,1,2.3827,3.1771,198.24,0.032384,2653.4,1,1,323.15,28828,0.3132,0.26451373
1.0656,3.0007,366.51,0.034868,2500.7,1,1,2.3827,3.1771,198.24,0.032384,2653.4,1,1,323.15,28711,0.3303,0.26451373
1.0656,3.0007,366.51,0.034868,2500.7,1,1,2.3827,3.1771,198.24,0.032384,2653.4,1,1,323.15,28216,0.4093,0.3138508
1.0656,3.0007,366.51,0.034868,2500.7,1,1,2.3827,3.1771,198.24,0.032384,2653.4,1,1,323.15,27881,0.4579,0.3334929
1.0656,3.0007,366.51,0.034868,2500.7,1,1,2.3827,3.1771,198.24,0.032384,2653.4,1,1,323.15,27701,0.4782,0.3368765
1.0656,3.0007,366.51,0.034868,2500.7,1,1,2.3827,3.1771,198.24,0.032384,2653.4,1,1,323.15,27284,0.5309,0.37144738
1.0656,3.0007,366.51,0.034868,2500.7,1,1,2.3827,3.1771,198.24,0.032384,2653.4,1,1,323.15,26898,0.5742,0.38237154
1.0656,3.0007,366.51,0.034868,2500.7,1,1,2.3827,3.1771,198.24,0.032384,2653.4,1,1,323.15,26481,0.6227,0.410443
1.0656,3.0007,366.51,0.034868,2500.7,1,1,2.3827,3.1771,198.24,0.032384,2653.4,1,1,323.15,26259,0.6465,0.4146232
1.0656,3.0007,366.51,0.034868,2500.7,1,1,2.3827,3.1771,198.24,0.032384,2653.4,1,1,323.15,25815,0.6867,0.4214798
1.0656,3.0007,366.51,0.034868,2500.7,1,1,2.3827,3.1771,198.24,0.032384,2653.4,1,1,323.15,24336,0.7935,0.45651072
1.0656,3.0007,366.51,0.034868,2500.7,1,1,2.3827,3.1771,198.24,0.032384,2653.4,1,1,328.15,37395,0.1202,0.16191888
1.0656,3.0007,366.51,0.034868,2500.7,1,1,2.3827,3.1771,198.24,0.032384,2653.4,1,1,328.15,37325,0.1564,0.16191888
1.0656,3.0007,366.51,0.034868,2500.7,1,1,2.3827,3.1771,198.24,0.032384,2653.4,1,1,328.15,37223,0.1835,0.1983906
1.0656,3.0007,366.51,0.034868,2500.7,1,1,2.3827,3.1771,198.24,0.032384,2653.4,1,1,328.15,36812,0.2724,0.25500643
1.0656,3.0007,366.51,0.034868,2500.7,1,1,2.3827,3.1771,198.24,0.032384,2653.4,1,1,328.15,36530,0.3159,0.26451373
1.0656,3.0007,366.51,0.034868,2500.7,1,1,2.3827,3.1771,198.24,0.032384,2653.4,1,1,328.15,36055,0.3806,0.3074896
1.0656,3.0007,366.51,0.034868,2500.7,1,1,2.3827,3.1771,198.24,0.032384,2653.4,1,1,328.15,35516,0.4374,0.32963717
1.0656,3.0007,366.51,0.034868,2500.7,1,1,2.3827,3.1771,198.24,0.032384,2653.4,1,1,328.15,35215,0.4727,0.3368765
1.0656,3.0007,366.51,0.034868,2500.7,1,1,2.3827,3.1771,198.24,0.032384,2653.4,1,1,328.15,34343,0.553,0.37740827
1.0656,3.0007,366.51,0.034868,2500.7,1,1,2.3827,3.1771,198.24,0.032384,2653.4,1,1,328.15,33611,0.6223,0.410443
1.0656,3.0007,366.51,0.034868,2500.7,1,1,2.3827,3.1771,198.24,0.032384,2653.4,1,1,328.15,33350,0.6449,0.4146232
1.0656,3.0007,366.51,0.034868,2500.7,1,1,2.3827,3.1771,198.24,0.032384,2653.4,1,1,328.15,33048,0.6694,0.4146232
1.0656,3.0007,366.51,0.034868,2500.7,1,1,2.3827,3.1771,198.24,0.032384,2653.4,1,1,298.15,7080,0.576,0.40155512
1.0656,3.0007,366.51,0.034868,2500.7,1,1,2.3827,3.1771,198.24,0.032384,2653.4,1,1,298.15,6810,0.673,0.42944917
1.0656,3.0007,366.51,0.034868,2500.7,1,1,2.3827,3.1771,198.24,0.032384,2653.4,1,1,298.15,6670,0.709,0.43895113
1.0656,3.0007,366.51,0.034868,2500.7,1,1,2.3827,3.1771,198.24,0.032384,2653.4,1,1,298.15,6370,0.795,0.4644801
1.0656,3.0007,366.51,0.034868,2500.7,1,1,2.3827,3.1771,198.24,0.032384,2653.4,1,1,313.15,16920,0.4392,0.33521098
1.0656,3.0007,366.51,0.034868,2500.7,1,1,2.3827,3.1771,198.24,0.032384,2653.4,1,1,313.15,16000,0.6301,0.42342204
1.0656,3.0007,366.51,0.034868,2500.7,1,1,2.3827,3.1771,198.24,0.032384,2653.4,1,1,313.15,15430,0.7205,0.45525607
1.0656,3.0007,366.51,0.034868,2500.7,1,1,2.3827,3.1771,198.24,0.032384,2653.4,1,1,313.15,16570,0.552,0.38298208
1.0656,3.0007,366.51,0.034868,2500.7,1,1,2.3827,3.1771,198.24,0.032384,2653.4,1,1,313.15,16370,0.582,0.40539852
1.0656,3.0007,366.51,0.034868,2500.7,1,1,2.3827,3.1771,198.24,0.032384,2653.4,1,1,313.15,14930,0.799,0.46948975
1.0656,3.0007,366.51,0.034868,2500.7,1,1,2.3827,3.1771,198.24,0.032384,2653.4,1,1,313.15,9850,0.965,0.7502703
1.0656,3.0007,366.51,0.034868,2500.7,1,1,2.3827,3.1771,198.24,0.032384,2653.4,1,1,313.15,8970,0.98,0.779885
1.0656,3.0007,366.51,0.034868,2500.7,1,1,2.3827,3.1771,198.24,0.032384,2653.4,1,1,313.15,8550,0.986,0.8101285
1.0656,3.0007,366.51,0.034868,2500.7,1,1,2.3827,3.1771,198.24,0.032384,2653.4,1,1,313.15,8270,0.99,0.8101285
1.0656,3.0007,366.51,0.034868,2500.7,1,1,2.3827,3.1771,198.24,0.032384,2653.4,1,1,313.15,8080,0.993,0.8101285
1.0656,3.0007,366.51,0.034868,2500.7,1,1,2.3827,3.1771,198.24,0.032384,2653.4,1,1,353.15,109374.1,0.3025,0.2790795
1.0656,3.0007,366.51,0.034868,2500.7,1,1,2.3827,3.1771,198.24,0.032384,2653.4,1,1,353.15,102446.7,0.5016,0.36406735
1.0656,3.0007,366.51,0.034868,2500.7,1,1,2.3827,3.1771,198.24,0.032384,2653.4,1,1,353.15,69980.3,0.9489,0.70089
1.0656,3.0007,366.51,0.034868,2500.7,1,1,2.3827,3.1771,198.24,0.032384,2653.4,1,1,423.2,923800,0.5087,0.3836594
1.0656,3.0007,366.51,0.034868,2500.7,1,1,2.3827,3.1771,198.24,0.032384,2653.4,1,1,423.2,836300,0.7495,0.49966165
1.0656,3.0007,366.51,0.034868,2500.7,1,1,2.3827,3.1771,198.24,0.032384,2653.4,1,1,423.2,828800,0.7704,0.5244917
1.0656,3.0007,366.51,0.034868,2500.7,1,1,2.3827,3.1771,198.24,0.032384,2653.4,1,1,423.2,808200,0.8197,0.56284475
1.0656,3.0007,366.51,0.034868,2500.7,1,1,2.3827,3.1771,198.24,0.032384,2653.4,1,1,363.3,147800,0.5278,0.38041174
1.0656,3.0007,366.51,0.034868,2500.7,1,1,2.3827,3.1771,198.24,0.032384,2653.4,1,1,363.3,146000,0.5739,0.40407342
1.0656,3.0007,366.51,0.034868,2500.7,1,1,2.3827,3.1771,198.24,0.032384,2653.4,1,1,363.3,143300,0.6304,0.43214488
1.0656,3.0007,366.51,0.034868,2500.7,1,1,2.3827,3.1771,198.24,0.032384,2653.4,1,1,381.4,274000,0.5596,0.40407342
1.0656,3.0007,366.51,0.034868,2500.7,1,1,2.3827,3.1771,198.24,0.032384,2653.4,1,1,381.4,183000,0.957,0.7351866
1.0656,3.0007,366.51,0.034868,2500.7,1,1,2.3827,3.1771,198.24,0.032384,2653.4,1,1,381.4,156100,0.9828,0.80553067
1.0656,3.0007,366.51,0.034868,2500.7,1,1,2.3827,3.1771,198.24,0.032384,2653.4,1,1,403.5,532200,0.5321,0.3963969
1.0656,3.0007,366.51,0.034868,2500.7,1,1,2.3827,3.1771,198.24,0.032384,2653.4,1,1,403.5,501900,0.7029,0.45718032
1.0656,3.0007,366.51,0.034868,2500.7,1,1,2.3827,3.1771,198.24,0.032384,2653.4,1,1,423.7,948800,0.4331,0.35212678
1.0656,3.0007,366.51,0.034868,2500.7,1,1,2.3827,3.1771,198.24,0.032384,2653.4,1,1,423.7,898700,0.6074,0.45173833
1.0656,3.0007,366.51,0.034868,2500.7,1,1,2.3827,3.1771,198.24,0.032384,2653.4,1,1,423.7,855000,0.7175,0.4883665
1.0656,3.0007,366.51,0.034868,2500.7,1,1,2.3827,3.1771,198.24,0.032384,2653.4,1,1,423.7,760800,0.8796,0.604552
1.0656,3.0007,366.51,0.034868,2500.7,1,1,2.3827,3.1771,198.24,0.032384,2653.4,1,1,423.7,629700,0.9573,0.75295335
1.0656,3.0007,366.51,0.034868,2500.7,1,1,2.3827,3.1771,198.24,0.032384,2653.4,1,1,423.7,582500,0.9744,0.798747
1.0656,3.0007,366.51,0.034868,2500.7,1,1,2.9997,3.2522,233.4,0.015268,2276.8,1,1,323.047024,17240,0.261,0.4241957
1.0656,3.0007,366.51,0.034868,2500.7,1,1,2.9997,3.2522,233.4,0.015268,2276.8,1,1,339.064,40130,0.5886,0.55988336
1.0656,3.0007,366.51,0.034868,2500.7,1,1,2.9997,3.2522,233.4,0.015268,2276.8,1,1,352.92302,67540,0.261,0.4308045
1.0656,3.0007,366.51,0.034868,2500.7,1,1,2.9997,3.2522,233.4,0.015268,2276.8,1,1,333.124,28800,0.295,0.4186219
1.0656,3.0007,366.51,0.034868,2500.7,1,1,2.9997,3.2522,233.4,0.015268,2276.8,1,1,363.12637,104058.1,0.271,0.4308045
1.0656,3.0007,366.51,0.034868,2500.7,1,1,2.9997,3.2522,233.4,0.015268,2276.8,1,1,333.13437,28420,0.2,0.3915804
1.0656,3.0007,366.51,0.034868,2500.7,1,1,2.9997,3.2522,233.4,0.015268,2276.8,1,1,333.13437,29100,0.25,0.4186219
1.0656,3.0007,366.51,0.034868,2500.7,1,1,2.9997,3.2522,233.4,0.015268,2276.8,1,1,403.2,412100,0.4206,0.5429865
1.0656,3.0007,366.51,0.034868,2500.7,1,1,2.9997,3.2522,233.4,0.015268,2276.8,1,1,403.2,310500,0.9922,0.84930015
1.0656,3.0007,366.51,0.034868,2500.7,1,1,2.9997,3.2522,233.4,0.015268,2276.8,1,1,403.2,283400,0.9976,0.84930015
1.0656,3.0007,366.51,0.034868,2500.7,1,1,2.9997,3.2522,233.4,0.015268,2276.8,1,1,413.2,526200,0.3168,0.44846353
1.0656,3.0007,366.51,0.034868,2500.7,1,1,2.9997,3.2522,233.4,0.015268,2276.8,1,1,413.2,544200,0.4079,0.5391728
1.0656,3.0007,366.51,0.034868,2500.7,1,1,2.9997,3.2522,233.4,0.015268,2276.8,1,1,423.2,700400,0.3517,0.465764
1.0656,3.0007,366.51,0.034868,2500.7,1,1,3.0929,3.2085,208.42,0.024675,2253.9,1,1,473.153,2737220,0.212,0.26087102
1.0656,3.0007,366.51,0.034868,2500.7,1,1,3.0929,3.2085,208.42,0.024675,2253.9,1,1,548.179,9294130,0.581,0.55273706
1.0656,3.0007,366.51,0.034868,2500.7,1,1,3.0929,3.2085,208.42,0.024675,2253.9,1,1,548.179,9032130,0.72,0.6051419
1.0656,3.0007,366.51,0.034868,2500.7,1,1,3.0929,3.2085,208.42,0.024675,2253.9,1,1,548.179,8935610,0.738,0.6051419
1.0656,3.0007,366.51,0.034868,2500.7,1,1,3.0929,3.2085,208.42,0.024675,2253.9,1,1,303.134,8679.3,0.604261616,0.46811378
1.0656,3.0007,366.51,0.034868,2500.7,1,1,3.0929,3.2085,208.42,0.024675,2253.9,1,1,303.134,8386,0.80304085,0.5003655
1.0656,3.0007,366.51,0.034868,2500.7,1,1,3.0929,3.2085,208.42,0.024675,2253.9,1,1,333.124,40610,0.671547013,0.45124763
1.0656,3.0007,366.51,0.034868,2500.7,1,1,3.0929,3.2085,208.42,0.024675,2253.9,1,1,333.124,39423.4,0.80936673,0.49418396
1.0656,3.0007,366.51,0.034868,2500.7,1,1,3.0929,3.2085,208.42,0.024675,2253.9,1,1,308.151552,11532.4,0.2305,0.25995684
1.0656,3.0007,366.51,0.034868,2500.7,1,1,3.0929,3.2085,208.42,0.024675,2253.9,1,1,308.151552,10599.1,0.8249,0.54170316
1.0656,3.0007,366.51,0.034868,2500.7,1,1,3.0929,3.2085,208.42,0.024675,2253.9,1,1,353.129055,98980,0.1921,0.21366712
1.0656,3.0007,366.51,0.034868,2500.7,1,1,3.0929,3.2085,208.42,0.024675,2253.9,1,1,353.129055,95160,0.7074,0.47532555
1.0656,3.0007,366.51,0.034868,2500.7,1,1,3.0929,3.2085,208.42,0.024675,2253.9,1,1,353.129055,93760,0.7656,0.49658912
1.0656,3.0007,366.51,0.034868,2500.7,1,1,2.7515,3.6139,259.59,0.006692,2544.6,1,1,323.137055,7070,0.0776,0.361326
1.0656,3.0007,366.51,0.034868,2500.7,1,1,2.7515,3.6139,259.59,0.006692,2544.6,1,1,323.137055,13730,0.3702,0.61872905
1.0656,3.0007,366.51,0.034868,2500.7,1,1,2.7515,3.6139,259.59,0.006692,2544.6,1,1,343.132055,20330,0.0776,0.35552448
1.0656,3.0007,366.51,0.034868,2500.7,1,1,2.7515,3.6139,259.59,0.006692,2544.6,1,1,343.132055,37060,0.3702,0.62260884
1.0656,3.0007,366.51,0.034868,2500.7,1,1,2.7515,3.6139,259.59,0.006692,2544.6,1,1,363.12637,84530,0.3702,0.62260884
1.0656,3.0007,366.51,0.034868,2500.7,1,1,2.7515,3.6139,259.59,0.006692,2544.6,1,1,363.12637,77060,0.9951,0.88616353
1.0656,3.0007,366.51,0.034868,2500.7,1,1,2.7515,3.6139,259.59,0.006692,2544.6,1,1,383.12237,177580,0.3702,0.6261575
1.0656,3.0007,366.51,0.034868,2500.7,1,1,2.7515,3.6139,259.59,0.006692,2544.6,1,1,383.12237,157450,0.9951,0.8914973
1.0656,3.0007,366.51,0.034868,2500.7,1,1,2.7515,3.6139,259.59,0.006692,2544.6,1,1,403.11837,206650,0.0776,0.3706581
1.0656,3.0007,366.51,0.034868,2500.7,1,1,2.7515,3.6139,259.59,0.006692,2544.6,1,1,403.11837,257980,0.178,0.4263619
1.0656,3.0007,366.51,0.034868,2500.7,1,1,2.7515,3.6139,259.59,0.006692,2544.6,1,1,403.11837,329970,0.3702,0.6261575
1.0656,3.0007,366.51,0.034868,2500.7,1,1,2.7515,3.6139,259.59,0.006692,2544.6,1,1,333.13437,12250,0.05,0.35840914
1.0656,3.0007,366.51,0.034868,2500.7,1,1,2.7515,3.6139,259.59,0.006692,2544.6,1,1,333.13437,19850,0.2,0.48181278
1.0656,3.0007,366.51,0.034868,2500.7,1,1,2.7515,3.6139,259.59,0.006692,2544.6,1,1,308.141555,5150,0.2,0.496055
